,Date,Name,Email,Amount,Time,IPAddress,TransactionMode,isFraud
0,2023-03-01,Ibrahim,sulibrahim202@gmail.com,34,07:28:56,152.58.149.138,Debit Card,False
1,2023-03-01,Ibrahim,sulibrahim202@gmail.com,23,12:03:19,20.209.253.50,Bank Transfer,False
2,2023-03-01,Ibrahim,sulibrahim202@gmail.com,20,17:48:26,103.83.169.24,Debit Card,False
3,2023-03-01,Ibrahim,sulibrahim202@gmail.com,5,22:51:14,84.69.172.191,Online Payment,False
4,2023-03-02,master,goebombarz@gmail.com,49,09:20:45,11.88.76.59,one time payment,True
5,2023-03-02,Ibrahim,sulibrahim202@gmail.com,5,15:09:28,218.12.47.131,Bank Transfer,False
6,2023-03-02,Ibrahim,sulibrahim202@gmail.com,23,23:08:38,103.83.169.24,Debit Card,False
7,2023-03-03,Ibrahim,sulibrahim202@gmail.com,45,07:21:05,20.209.253.50,Bank Transfer,False
8,2023-03-03,Ibrahim,sulibrahim202@gmail.com,5,15:34:10,44.154.58.200,Online Payment,False
9,2023-03-03,seun,sulibrahim202@gmail.com,12,23:47:16,179.78.175.197,Bank Transfer,False
10,2023-03-04,billy,yukinaxyz@wechat.com,48900,09:32:17,11.88.76.59,dark web,True
11,2023-03-04,Ibrahim,sulibrahim202@gmail.com,10,15:14:20,20.209.253.50,Online Payment,False
12,2023-03-04,Ibrahim,sulibrahim202@gmail.com,60,23:06:04,218.12.47.131,Bank Transfer,False
13,2023-03-05,ibrahim,sulibrahim202@gmail.com,60,07:10:16,80.111.139.82,Debit Card,False
14,2023-03-05,migos,yukinaxyz@wechat.com,2990,09:02:16,49.153.223.13,unknown,True
15,2023-03-05,Ibrahim,sulibrahim202@gmail.com,70,23:49:13,152.58.149.138,Online Payment,False
16,2023-03-06,Ibrahim,sulibrahim202@gmail.com,5,07:18:51,126.121.246.110,Online Payment,False
17,2023-03-06,Ibrahim,sulibrahim202@gmail.com,12,12:31:41,179.78.175.197,Online Payment,False
18,2023-03-06,migos,sulibrahim202@gmail.com,20,17:27:19,218.12.47.131,Debit Card,False
19,2023-03-06,Ibrahim,sulibrahim202@gmail.com,34,22:09:50,80.111.139.82,Bank Transfer,False
20,2023-03-07,Ibrahim,sulibrahim202@gmail.com,12,07:38:13,84.69.172.191,Bank Transfer,False
21,2023-03-07,master,sulibrahim202@gmail.com,34,15:39:52,26.51.167.24,Online Payment,False
22,2023-03-07,Ibrahim,sulibrahim202@gmail.com,20,23:18:05,141.83.177.155,Bank Transfer,False
23,2023-03-08,Ibrahim,sulibrahim202@gmail.com,23,07:36:51,218.12.47.131,Bank Transfer,False
24,2023-03-08,Ibrahim,sulibrahim202@gmail.com,45,11:58:34,84.69.172.191,Online Payment,False
25,2023-03-08,Ibrahim,sulibrahim202@gmail.com,5,15:58:43,80.111.139.82,Bank Transfer,False
26,2023-03-08,Ibrahim,sulibrahim202@gmail.com,12,19:36:28,152.58.149.138,Online Payment,False
27,2023-03-08,Ibrahim,sulibrahim202@gmail.com,34,23:57:56,103.83.169.24,Debit Card,False
28,2023-03-09,Ibrahim,sulibrahim202@gmail.com,5,07:30:22,152.58.149.138,Debit Card,False
29,2023-03-09,molly,yukinaxyz@wechat.com,3900,16:40:13,83.29.94.120,one time payment,True
30,2023-03-09,ibrahim,muchiuchiha@yahoo.com,49,16:42:18,94.141.219.106,unknown,True
31,2023-03-09,ibrahim,billy4zone@recon.com,2990,09:56:41,83.29.94.120,online purchase,True
32,2023-03-10,ibrahim,sulibrahim202@gmail.com,45,07:48:44,20.209.253.50,Bank Transfer,False
33,2023-03-10,Ibrahim,sulibrahim202@gmail.com,34,15:29:50,103.83.169.24,Debit Card,False
34,2023-03-10,Ibrahim,sulibrahim202@gmail.com,20,23:23:17,26.51.167.24,Debit Card,False
35,2023-03-11,Ibrahim,sulibrahim202@gmail.com,70,07:09:24,179.78.175.197,Online Payment,False
36,2023-03-11,Ibrahim,sulibrahim202@gmail.com,60,15:24:24,44.154.58.200,Debit Card,False
37,2023-03-11,Ibrahim,sulibrahim202@gmail.com,50,23:25:33,103.83.169.24,Debit Card,False
38,2023-03-12,Ibrahim,sulibrahim202@gmail.com,40,07:22:16,20.209.253.50,Online Payment,False
39,2023-03-12,Ibrahim,sulibrahim202@gmail.com,30,15:59:56,84.69.172.191,Bank Transfer,False
40,2023-03-12,Ibrahim,sulibrahim202@gmail.com,10,23:58:32,218.12.47.131,Online Payment,False
41,2023-03-13,Ibrahim,sulibrahim202@gmail.com,45,07:02:52,152.58.149.138,Online Payment,False
42,2023-03-13,Ibrahim,sulibrahim202@gmail.com,5,12:06:57,152.58.149.138,Bank Transfer,False
43,2023-03-13,ibrahim,billy4zone@recon.com,20000,23:29:09,94.141.219.106,dark web,True
44,2023-03-13,seun,sulibrahim202@gmail.com,20,22:32:50,152.58.149.138,Debit Card,False
45,2023-03-14,Ibrahim,sulibrahim202@gmail.com,45,07:46:33,126.121.246.110,Online Payment,False
46,2023-03-14,Ibrahim,sulibrahim202@gmail.com,5,11:04:47,103.83.169.24,Online Payment,False
47,2023-03-14,Ibrahim,sulibrahim202@gmail.com,12,15:23:12,84.69.172.191,Bank Transfer,False
48,2023-03-14,Ibrahim,sulibrahim202@gmail.com,34,19:37:23,44.154.58.200,Bank Transfer,False
49,2023-03-14,Ibrahim,sulibrahim202@gmail.com,23,23:32:48,126.121.246.110,Bank Transfer,False
50,2023-03-15,Ibrahim,sulibrahim202@gmail.com,20,07:53:27,44.154.58.200,Online Payment,False
51,2023-03-15,Ibrahim,sulibrahim202@gmail.com,45,12:35:51,80.111.139.82,Online Payment,False
52,2023-03-15,billy,billy4zone@recon.com,50,23:27:54,83.29.94.120,unknown,True
53,2023-03-15,master,sulibrahim202@gmail.com,23,22:57:54,80.111.139.82,Online Payment,False
54,2023-03-16,molly,sulibrahim202@gmail.com,45,07:12:55,44.154.58.200,Debit Card,False
55,2023-03-16,billy,sulibrahim202@gmail.com,23,12:37:48,179.78.175.197,Debit Card,False
56,2023-03-16,Ibrahim,sulibrahim202@gmail.com,5,17:29:18,80.111.139.82,Online Payment,False
57,2023-03-16,ibrahim,yukinaxyz@wechat.com,3000,23:13:51,94.141.219.106,unknown,True
58,2023-03-17,Ibrahim,sulibrahim202@gmail.com,12,07:29:37,84.69.172.191,Debit Card,False
59,2023-03-17,Ibrahim,sulibrahim202@gmail.com,23,11:17:11,44.154.58.200,Bank Transfer,False
60,2023-03-17,geotomz,sulibrahim202@gmail.com,34,15:36:48,218.12.47.131,Bank Transfer,False
61,2023-03-17,Ibrahim,sulibrahim202@gmail.com,45,19:57:22,84.69.172.191,Online Payment,False
62,2023-03-17,Ibrahim,sulibrahim202@gmail.com,20,23:31:46,152.58.149.138,Debit Card,False
63,2023-03-18,Ibrahim,sulibrahim202@gmail.com,50,07:09:57,84.69.172.191,Online Payment,False
64,2023-03-18,Ibrahim,sulibrahim202@gmail.com,100,15:09:49,44.154.58.200,Bank Transfer,False
65,2023-03-18,ibrahim,goebombarz@gmail.com,90,23:00:09,151.228.41.182,dark web,True
66,2023-03-19,Ibrahim,sulibrahim202@gmail.com,25,07:40:16,84.69.172.191,Bank Transfer,False
67,2023-03-19,Ibrahim,sulibrahim202@gmail.com,40,23:40:44,44.154.58.200,Bank Transfer,False
68,2023-03-20,Ibrahim,sulibrahim202@gmail.com,34,07:11:31,84.69.172.191,Online Payment,False
69,2023-03-20,geotomz,billy4zone@recon.com,48900,23:24:37,172.46.225.80,unknown,True
70,2023-03-20,Ibrahim,sulibrahim202@gmail.com,23,23:34:11,179.78.175.197,Online Payment,False
71,2023-03-21,Ibrahim,sulibrahim202@gmail.com,5,07:13:03,26.51.167.24,Bank Transfer,False
72,2023-03-21,seun,frigoglassmuti@xyz.app,70,09:03:35,120.91.63.242,dark web,True
73,2023-03-21,Ibrahim,sulibrahim202@gmail.com,20,23:11:11,141.83.177.155,Bank Transfer,False
74,2023-03-22,Ibrahim,sulibrahim202@gmail.com,5,07:42:55,84.69.172.191,Bank Transfer,False
75,2023-03-22,master,sulibrahim202@gmail.com,12,15:39:18,20.209.253.50,Online Payment,False
76,2023-03-22,Ibrahim,sulibrahim202@gmail.com,20,23:14:16,103.83.169.24,Online Payment,False
77,2023-03-23,Ibrahim,sulibrahim202@gmail.com,23,07:21:55,103.83.169.24,Bank Transfer,False
78,2023-03-23,Ibrahim,sulibrahim202@gmail.com,12,12:27:45,141.83.177.155,Online Payment,False
79,2023-03-23,Ibrahim,sulibrahim202@gmail.com,34,17:01:14,26.51.167.24,Debit Card,False
80,2023-03-23,Ibrahim,sulibrahim202@gmail.com,20,22:09:11,179.78.175.197,Online Payment,False
81,2023-03-24,migos,frigoglassmuti@xyz.app,3900,23:18:51,94.141.219.106,unknown,True
82,2023-03-24,ibrahim,muchiuchiha@yahoo.com,49,09:16:33,49.153.223.13,online purchase,True
83,2023-03-24,Ibrahim,sulibrahim202@gmail.com,23,17:10:20,103.83.169.24,Debit Card,False
84,2023-03-24,billy,sulibrahim202@gmail.com,34,22:48:44,84.69.172.191,Online Payment,False
85,2023-03-25,Ibrahim,sulibrahim202@gmail.com,40,07:00:05,26.51.167.24,Online Payment,False
86,2023-03-25,master,muchiuchiha@yahoo.com,48900,16:15:22,172.46.225.80,one time payment,True
87,2023-03-25,Ibrahim,sulibrahim202@gmail.com,10,23:49:06,152.58.149.138,Debit Card,False
88,2023-03-26,Ibrahim,sulibrahim202@gmail.com,25,07:34:55,20.209.253.50,Online Payment,False
89,2023-03-26,geotomz,frigoglassmuti@xyz.app,1000,09:55:01,172.46.225.80,unknown,True
90,2023-03-27,Ibrahim,sulibrahim202@gmail.com,34,07:03:43,126.121.246.110,Bank Transfer,False
91,2023-03-27,ibrahim,sulibrahim202@gmail.com,12,11:45:44,152.58.149.138,Debit Card,False
92,2023-03-27,Ibrahim,sulibrahim202@gmail.com,5,15:26:57,20.209.253.50,Debit Card,False
93,2023-03-27,Ibrahim,sulibrahim202@gmail.com,20,19:52:27,80.111.139.82,Online Payment,False
94,2023-03-27,Ibrahim,sulibrahim202@gmail.com,23,23:20:48,152.58.149.138,Online Payment,False
95,2023-03-28,Ibrahim,sulibrahim202@gmail.com,45,07:35:28,84.69.172.191,Debit Card,False
96,2023-03-28,migos,sulibrahim202@gmail.com,20,15:14:03,44.154.58.200,Online Payment,False
97,2023-03-28,Ibrahim,sulibrahim202@gmail.com,34,23:10:43,126.121.246.110,Bank Transfer,False
98,2023-03-29,Ibrahim,sulibrahim202@gmail.com,5,07:42:09,126.121.246.110,Debit Card,False
99,2023-03-29,Ibrahim,sulibrahim202@gmail.com,23,11:35:26,152.58.149.138,Bank Transfer,False
100,2023-03-29,Ibrahim,sulibrahim202@gmail.com,34,15:11:03,218.12.47.131,Bank Transfer,False
101,2023-03-29,seun,sulibrahim202@gmail.com,45,19:19:23,20.209.253.50,Debit Card,False
102,2023-03-29,ibrahim,frigoglassmuti@xyz.app,2990,16:34:12,172.46.225.80,renewal,True
103,2023-03-30,Ibrahim,sulibrahim202@gmail.com,34,07:54:58,80.111.139.82,Bank Transfer,False
104,2023-03-30,billy,sulibrahim202@gmail.com,12,12:47:37,44.154.58.200,Debit Card,False
105,2023-03-30,master,frigoglassmuti@xyz.app,3900,09:23:57,120.91.63.242,online purchase,True
106,2023-03-30,Ibrahim,sulibrahim202@gmail.com,20,22:34:35,126.121.246.110,Online Payment,False
107,2023-03-31,Ibrahim,sulibrahim202@gmail.com,23,07:04:56,103.83.169.24,Bank Transfer,False
108,2023-03-31,seun,sulibrahim202@gmail.com,12,11:40:01,179.78.175.197,Debit Card,False
109,2023-03-31,Ibrahim,sulibrahim202@gmail.com,45,15:41:42,20.209.253.50,Online Payment,False
110,2023-03-31,Ibrahim,sulibrahim202@gmail.com,600,19:03:01,44.154.58.200,Online Payment,False
111,2023-03-31,Ibrahim,sulibrahim202@gmail.com,1000,23:56:57,26.51.167.24,Online Payment,False
112,2023-04-01,Ibrahim,sulibrahim202@gmail.com,25,07:52:01,26.51.167.24,Bank Transfer,False
113,2023-04-01,Ibrahim,sulibrahim202@gmail.com,5,23:26:19,126.121.246.110,Debit Card,False
114,2023-04-02,Ibrahim,sulibrahim202@gmail.com,70,07:05:58,20.209.253.50,Bank Transfer,False
115,2023-04-02,ibrahim,sulibrahim202@gmail.com,70,15:26:53,179.78.175.197,Online Payment,False
116,2023-04-02,Ibrahim,sulibrahim202@gmail.com,40,23:30:59,20.209.253.50,Online Payment,False
117,2023-04-03,Ibrahim,sulibrahim202@gmail.com,23,07:52:16,26.51.167.24,Debit Card,False
118,2023-04-03,Ibrahim,sulibrahim202@gmail.com,45,11:03:20,152.58.149.138,Bank Transfer,False
119,2023-04-03,ibrahim,sulibrahim202@gmail.com,34,15:00:41,80.111.139.82,Bank Transfer,False
120,2023-04-03,master,goebombarz@gmail.com,1000,23:52:12,49.153.223.13,dark web,True
121,2023-04-03,billy,sulibrahim202@gmail.com,12,23:05:47,20.209.253.50,Online Payment,False
122,2023-04-04,Ibrahim,sulibrahim202@gmail.com,45,07:21:49,26.51.167.24,Debit Card,False
123,2023-04-04,ibrahim,sulibrahim202@gmail.com,23,12:08:43,126.121.246.110,Online Payment,False
124,2023-04-04,Ibrahim,sulibrahim202@gmail.com,5,17:00:18,80.111.139.82,Bank Transfer,False
125,2023-04-04,master,frigoglassmuti@xyz.app,70,23:00:22,172.46.225.80,renewal,True
126,2023-04-05,Ibrahim,sulibrahim202@gmail.com,5,07:07:05,80.111.139.82,Online Payment,False
127,2023-04-05,Ibrahim,sulibrahim202@gmail.com,20,15:39:01,152.58.149.138,Bank Transfer,False
128,2023-04-05,Ibrahim,sulibrahim202@gmail.com,34,23:57:24,26.51.167.24,Online Payment,False
129,2023-04-06,migos,frigoglassmuti@xyz.app,1000,23:34:43,94.141.219.106,renewal,True
130,2023-04-06,Ibrahim,sulibrahim202@gmail.com,5,15:52:43,44.154.58.200,Debit Card,False
131,2023-04-06,master,muchiuchiha@yahoo.com,70,23:39:23,11.88.76.59,unknown,True
132,2023-04-07,billy,goebombarz@gmail.com,20000,09:17:36,11.88.76.59,dark web,True
133,2023-04-07,Ibrahim,sulibrahim202@gmail.com,23,12:37:24,80.111.139.82,Bank Transfer,False
134,2023-04-07,ibrahim,yukinaxyz@wechat.com,70,16:52:01,151.228.41.182,renewal,True
135,2023-04-07,Ibrahim,sulibrahim202@gmail.com,12,22:09:36,44.154.58.200,Bank Transfer,False
136,2023-04-08,migos,billy4zone@recon.com,49,16:11:13,11.88.76.59,renewal,True
137,2023-04-08,Ibrahim,sulibrahim202@gmail.com,40,15:49:44,141.83.177.155,Debit Card,False
138,2023-04-08,seun,billy4zone@recon.com,20000,09:01:09,94.141.219.106,one time payment,True
139,2023-04-09,seun,goebombarz@gmail.com,1000,23:36:32,151.228.41.182,renewal,True
140,2023-04-09,ibrahim,billy4zone@recon.com,2990,23:29:27,83.29.94.120,dark web,True
141,2023-04-09,Ibrahim,sulibrahim202@gmail.com,60,23:59:49,84.69.172.191,Bank Transfer,False
142,2023-04-10,Ibrahim,sulibrahim202@gmail.com,45,07:23:33,103.83.169.24,Online Payment,False
143,2023-04-10,Ibrahim,sulibrahim202@gmail.com,20,12:47:08,152.58.149.138,Online Payment,False
144,2023-04-10,molly,sulibrahim202@gmail.com,23,17:44:06,179.78.175.197,Debit Card,False
145,2023-04-10,Ibrahim,sulibrahim202@gmail.com,5,22:48:19,44.154.58.200,Bank Transfer,False
146,2023-04-11,migos,sulibrahim202@gmail.com,12,07:51:54,84.69.172.191,Debit Card,False
147,2023-04-11,migos,sulibrahim202@gmail.com,23,11:08:43,152.58.149.138,Online Payment,False
148,2023-04-11,Ibrahim,sulibrahim202@gmail.com,5,15:07:53,80.111.139.82,Online Payment,False
149,2023-04-11,Ibrahim,sulibrahim202@gmail.com,34,19:10:17,152.58.149.138,Bank Transfer,False
150,2023-04-11,migos,sulibrahim202@gmail.com,20,23:53:51,218.12.47.131,Bank Transfer,False
151,2023-04-12,billy,goebombarz@gmail.com,70,23:53:18,120.91.63.242,online purchase,True
152,2023-04-12,Ibrahim,sulibrahim202@gmail.com,12,15:02:30,126.121.246.110,Bank Transfer,False
153,2023-04-12,Ibrahim,sulibrahim202@gmail.com,23,23:22:10,20.209.253.50,Online Payment,False
154,2023-04-13,Ibrahim,sulibrahim202@gmail.com,45,07:51:32,20.209.253.50,Debit Card,False
155,2023-04-13,Ibrahim,sulibrahim202@gmail.com,12,11:49:36,152.58.149.138,Online Payment,False
156,2023-04-13,Ibrahim,sulibrahim202@gmail.com,34,15:13:27,103.83.169.24,Online Payment,False
157,2023-04-13,migos,yukinaxyz@wechat.com,49,09:09:00,172.46.225.80,unknown,True
158,2023-04-13,Ibrahim,sulibrahim202@gmail.com,20,23:00:44,126.121.246.110,Online Payment,False
159,2023-04-14,master,sulibrahim202@gmail.com,23,07:24:19,44.154.58.200,Bank Transfer,False
160,2023-04-14,Ibrahim,sulibrahim202@gmail.com,45,12:39:52,103.83.169.24,Debit Card,False
161,2023-04-14,Ibrahim,sulibrahim202@gmail.com,34,17:22:01,44.154.58.200,Debit Card,False
162,2023-04-14,master,sulibrahim202@gmail.com,12,22:48:33,80.111.139.82,Online Payment,False
163,2023-04-15,Ibrahim,sulibrahim202@gmail.com,50,07:26:13,84.69.172.191,Bank Transfer,False
164,2023-04-15,Ibrahim,sulibrahim202@gmail.com,25,23:28:22,141.83.177.155,Debit Card,False
165,2023-04-16,Ibrahim,sulibrahim202@gmail.com,40,07:17:01,126.121.246.110,Online Payment,False
166,2023-04-16,Ibrahim,sulibrahim202@gmail.com,25,23:58:04,44.154.58.200,Debit Card,False
167,2023-04-17,Ibrahim,sulibrahim202@gmail.com,5,07:52:55,152.58.149.138,Bank Transfer,False
168,2023-04-17,migos,sulibrahim202@gmail.com,20,15:34:54,84.69.172.191,Bank Transfer,False
169,2023-04-17,Ibrahim,sulibrahim202@gmail.com,45,23:35:52,80.111.139.82,Debit Card,False
170,2023-04-18,Ibrahim,sulibrahim202@gmail.com,5,07:48:22,84.69.172.191,Debit Card,False
171,2023-04-18,Ibrahim,sulibrahim202@gmail.com,45,15:18:23,141.83.177.155,Online Payment,False
172,2023-04-18,molly,goebombarz@gmail.com,3000,23:09:43,151.228.41.182,online purchase,True
173,2023-04-19,Ibrahim,sulibrahim202@gmail.com,34,07:09:47,126.121.246.110,Online Payment,False
174,2023-04-19,geotomz,sulibrahim202@gmail.com,23,15:55:10,44.154.58.200,Debit Card,False
175,2023-04-19,Ibrahim,sulibrahim202@gmail.com,45,23:31:11,126.121.246.110,Bank Transfer,False
176,2023-04-20,Ibrahim,sulibrahim202@gmail.com,12,07:45:09,126.121.246.110,Bank Transfer,False
177,2023-04-20,seun,frigoglassmuti@xyz.app,4400,09:23:27,120.91.63.242,one time payment,True
178,2023-04-20,Ibrahim,sulibrahim202@gmail.com,45,15:47:41,26.51.167.24,Online Payment,False
179,2023-04-20,geotomz,goebombarz@gmail.com,4400,09:52:58,11.88.76.59,dark web,True
180,2023-04-20,Ibrahim,sulibrahim202@gmail.com,20,23:17:49,152.58.149.138,Online Payment,False
181,2023-04-21,migos,yukinaxyz@wechat.com,70,16:41:01,49.153.223.13,unknown,True
182,2023-04-21,Ibrahim,sulibrahim202@gmail.com,5,15:32:59,26.51.167.24,Online Payment,False
183,2023-04-21,Ibrahim,sulibrahim202@gmail.com,45,23:10:53,152.58.149.138,Debit Card,False
184,2023-04-22,ibrahim,sulibrahim202@gmail.com,10,07:29:13,103.83.169.24,Debit Card,False
185,2023-04-22,geotomz,sulibrahim202@gmail.com,50,23:10:05,103.83.169.24,Bank Transfer,False
186,2023-04-23,Ibrahim,sulibrahim202@gmail.com,70,07:07:12,179.78.175.197,Debit Card,False
187,2023-04-23,Ibrahim,sulibrahim202@gmail.com,60,15:26:14,26.51.167.24,Bank Transfer,False
188,2023-04-23,Ibrahim,sulibrahim202@gmail.com,100,23:05:34,152.58.149.138,Online Payment,False
189,2023-04-24,Ibrahim,sulibrahim202@gmail.com,34,07:56:58,44.154.58.200,Debit Card,False
190,2023-04-24,Ibrahim,sulibrahim202@gmail.com,5,11:48:00,179.78.175.197,Bank Transfer,False
191,2023-04-24,Ibrahim,sulibrahim202@gmail.com,23,15:57:58,103.83.169.24,Debit Card,False
192,2023-04-24,Ibrahim,sulibrahim202@gmail.com,20,19:22:40,218.12.47.131,Debit Card,False
193,2023-04-24,Ibrahim,sulibrahim202@gmail.com,45,23:14:57,103.83.169.24,Debit Card,False
194,2023-04-25,Ibrahim,sulibrahim202@gmail.com,23,07:38:56,103.83.169.24,Online Payment,False
195,2023-04-25,Ibrahim,sulibrahim202@gmail.com,12,15:11:45,218.12.47.131,Online Payment,False
196,2023-04-25,Ibrahim,sulibrahim202@gmail.com,34,23:47:40,179.78.175.197,Online Payment,False
197,2023-04-26,Ibrahim,sulibrahim202@gmail.com,5,07:38:21,84.69.172.191,Bank Transfer,False
198,2023-04-26,geotomz,sulibrahim202@gmail.com,12,12:13:49,20.209.253.50,Bank Transfer,False
199,2023-04-26,Ibrahim,sulibrahim202@gmail.com,45,17:05:54,141.83.177.155,Bank Transfer,False
200,2023-04-26,geotomz,yukinaxyz@wechat.com,50,09:17:38,151.228.41.182,online purchase,True
201,2023-04-27,Ibrahim,sulibrahim202@gmail.com,23,07:30:28,84.69.172.191,Bank Transfer,False
202,2023-04-27,Ibrahim,sulibrahim202@gmail.com,20,11:39:19,84.69.172.191,Bank Transfer,False
203,2023-04-27,Ibrahim,sulibrahim202@gmail.com,12,15:42:57,152.58.149.138,Online Payment,False
204,2023-04-27,Ibrahim,sulibrahim202@gmail.com,45,19:00:01,218.12.47.131,Online Payment,False
205,2023-04-27,Ibrahim,sulibrahim202@gmail.com,5,23:58:36,141.83.177.155,Online Payment,False
206,2023-04-28,migos,frigoglassmuti@xyz.app,2990,23:34:33,83.29.94.120,one time payment,True
207,2023-04-28,Ibrahim,sulibrahim202@gmail.com,12,12:08:24,218.12.47.131,Online Payment,False
208,2023-04-28,Ibrahim,sulibrahim202@gmail.com,34,17:54:32,26.51.167.24,Bank Transfer,False
209,2023-04-28,Ibrahim,sulibrahim202@gmail.com,5,22:53:39,103.83.169.24,Online Payment,False
210,2023-04-29,Ibrahim,sulibrahim202@gmail.com,20,07:58:48,80.111.139.82,Debit Card,False
211,2023-04-29,Ibrahim,sulibrahim202@gmail.com,40,23:52:41,103.83.169.24,Online Payment,False
212,2023-04-30,Ibrahim,sulibrahim202@gmail.com,70,07:24:43,84.69.172.191,Online Payment,False
213,2023-04-30,Ibrahim,sulibrahim202@gmail.com,100,11:23:33,103.83.169.24,Online Payment,False
214,2023-04-30,Ibrahim,sulibrahim202@gmail.com,70,15:15:14,80.111.139.82,Debit Card,False
215,2023-04-30,billy,billy4zone@recon.com,500,09:05:18,83.29.94.120,one time payment,True
216,2023-04-30,Ibrahim,sulibrahim202@gmail.com,2500,23:27:13,84.69.172.191,Bank Transfer,False
217,2023-05-01,Ibrahim,sulibrahim202@gmail.com,34,07:52:19,44.154.58.200,Online Payment,False
218,2023-05-01,Ibrahim,sulibrahim202@gmail.com,20,12:23:09,179.78.175.197,Debit Card,False
219,2023-05-01,Ibrahim,sulibrahim202@gmail.com,45,17:58:07,84.69.172.191,Online Payment,False
220,2023-05-01,Ibrahim,sulibrahim202@gmail.com,12,22:05:57,80.111.139.82,Debit Card,False
